{
  "Ansi 2 Color" : {
    "Red Component" : 0.46238869428634644,
    "Color Space" : "Calibrated",
    "Blue Component" : 0.41192930936813354,
    "Alpha Component" : 1,
    "Green Component" : 0.6905510425567627
  },
  "Tags" : [

  ],
  "Ansi 12 Color" : {
    "Red Component" : 0.46134227514266968,
    "Color Space" : "Calibrated",
    "Blue Component" : 0.94973242282867432,
    "Alpha Component" : 1,
    "Green Component" : 0.69026458263397217
  },
  "Ansi 5 Color" : {
    "Red Component" : 0.57131892442703247,
    "Color Space" : "Calibrated",
    "Blue Component" : 0.83480250835418701,
    "Alpha Component" : 1,
    "Green Component" : 0.4469640851020813
  },
  "Use Non-ASCII Font" : false,
  "Bold Color" : {
    "Red Component" : 0.72441041469573975,
    "Color Space" : "Calibrated",
    "Blue Component" : 0.79728150367736816,
    "Alpha Component" : 1,
    "Green Component" : 0.76449966430664062
  },
  "Scrollback With Status Bar" : false,
  "AWDS Tab Directory" : "",
  "Ansi 9 Color" : {
    "Red Component" : 0.90237909555435181,
    "Color Space" : "Calibrated",
    "Blue Component" : 0.53033608198165894,
    "Alpha Component" : 1,
    "Green Component" : 0.42616009712219238
  },
  "Rows" : 25,
  "Default Bookmark" : "No",
  "Ansi 8 Color" : {
    "Red Component" : 0.32511040568351746,
    "Color Space" : "Calibrated",
    "Blue Component" : 0.50621974468231201,
    "Alpha Component" : 1,
    "Green Component" : 0.44253727793693542
  },
  "Ansi 7 Color" : {
    "Red Component" : 0.62164860963821411,
    "Color Space" : "Calibrated",
    "Blue Component" : 0.72317749261856079,
    "Alpha Component" : 1,
    "Green Component" : 0.67758023738861084
  },
  "AWDS Tab Option" : "No",
  "Cursor Guide Color" : {
    "Red Component" : 0.64999997615814209,
    "Color Space" : "Calibrated",
    "Blue Component" : 1,
    "Alpha Component" : 0.25,
    "Green Component" : 0.9100000262260437
  },
  "Non-ASCII Anti Aliased" : true,
  "Use Bright Bold" : true,
  "Ansi 10 Color" : {
    "Red Component" : 0.53035813570022583,
    "Color Space" : "Calibrated",
    "Blue Component" : 0.46386349201202393,
    "Alpha Component" : 1,
    "Green Component" : 0.81154352426528931
  },
  "Use Cursor Guide" : false,
  "Ambiguous Double Width" : false,
  "AWDS Pane Option" : "No",
  "Jobs to Ignore" : [
    "rlogin",
    "ssh",
    "slogin",
    "telnet"
  ],
  "Show Status Bar" : true,
  "Ansi 15 Color" : {
    "Red Component" : 0.72441041469573975,
    "Color Space" : "Calibrated",
    "Blue Component" : 0.79728150367736816,
    "Alpha Component" : 1,
    "Green Component" : 0.76449966430664062
  },
  "Foreground Color" : {
    "Red Component" : 0.62164860963821411,
    "Color Space" : "Calibrated",
    "Blue Component" : 0.72317749261856079,
    "Alpha Component" : 1,
    "Green Component" : 0.67758023738861084
  },
  "Working Directory" : "\/Volumes\/Working",
  "Blinking Cursor" : true,
  "AWDS Window Option" : "Yes",
  "Sync Title" : false,
  "Prompt Before Closing 2" : false,
  "BM Growl" : true,
  "Command" : "",
  "Description" : "Default",
  "AWDS Pane Directory" : "",
  "Smart Cursor Color" : false,
  "Screen" : -1,
  "Selection Color" : {
    "Red Component" : 0.20200946927070618,
    "Color Space" : "Calibrated",
    "Blue Component" : 0.31147235631942749,
    "Alpha Component" : 1,
    "Green Component" : 0.26908379793167114
  },
  "Disable Window Resizing" : true,
  "AWDS Window Directory" : "",
  "Columns" : 80,
  "Idle Code" : 0,
  "Mouse Reporting" : true,
  "Ansi 13 Color" : {
    "Red Component" : 0.66567027568817139,
    "Color Space" : "Calibrated",
    "Blue Component" : 0.92063939571380615,
    "Alpha Component" : 1,
    "Green Component" : 0.54135233163833618
  },
  "Custom Command" : "No",
  "ASCII Anti Aliased" : true,
  "Non Ascii Font" : "Monaco 12",
  "Vertical Spacing" : 1.1200000000000001,
  "Use Bold Font" : true,
  "Option Key Sends" : 0,
  "Selected Text Color" : {
    "Red Component" : 0.72441041469573975,
    "Color Space" : "Calibrated",
    "Blue Component" : 0.79728150367736816,
    "Alpha Component" : 1,
    "Green Component" : 0.76449966430664062
  },
  "Background Color" : {
    "Red Component" : 0.11278382688760757,
    "Color Space" : "Calibrated",
    "Blue Component" : 0.166084885597229,
    "Alpha Component" : 1,
    "Green Component" : 0.14745019376277924
  },
  "Character Encoding" : 4,
  "Ansi 11 Color" : {
    "Red Component" : 0.88960599899291992,
    "Color Space" : "Calibrated",
    "Blue Component" : 0.46056836843490601,
    "Alpha Component" : 1,
    "Green Component" : 0.75628489255905151
  },
  "Use Italic Font" : true,
  "Unlimited Scrollback" : true,
  "Keyboard Map" : {
    "0xf700-0x260000" : {
      "Text" : "[1;6A",
      "Action" : 10
    },
    "0x37-0x40000" : {
      "Text" : "0x1f",
      "Action" : 11
    },
    "0x32-0x40000" : {
      "Text" : "0x00",
      "Action" : 11
    },
    "0xf709-0x20000" : {
      "Text" : "[17;2~",
      "Action" : 10
    },
    "0xf70c-0x20000" : {
      "Text" : "[20;2~",
      "Action" : 10
    },
    "0xf729-0x20000" : {
      "Text" : "[1;2H",
      "Action" : 10
    },
    "0xf72b-0x40000" : {
      "Text" : "[1;5F",
      "Action" : 10
    },
    "0xf705-0x20000" : {
      "Text" : "[1;2Q",
      "Action" : 10
    },
    "0xf703-0x260000" : {
      "Text" : "[1;6C",
      "Action" : 10
    },
    "0xf700-0x220000" : {
      "Text" : "[1;2A",
      "Action" : 10
    },
    "0xf701-0x280000" : {
      "Text" : "0x1b 0x1b 0x5b 0x42",
      "Action" : 11
    },
    "0x38-0x40000" : {
      "Text" : "0x7f",
      "Action" : 11
    },
    "0x33-0x40000" : {
      "Text" : "0x1b",
      "Action" : 11
    },
    "0xf703-0x220000" : {
      "Text" : "[1;2C",
      "Action" : 10
    },
    "0xf701-0x240000" : {
      "Text" : "[1;5B",
      "Action" : 10
    },
    "0xf70d-0x20000" : {
      "Text" : "[21;2~",
      "Action" : 10
    },
    "0xf702-0x260000" : {
      "Text" : "[1;6D",
      "Action" : 10
    },
    "0xf729-0x40000" : {
      "Text" : "[1;5H",
      "Action" : 10
    },
    "0xf706-0x20000" : {
      "Text" : "[1;2R",
      "Action" : 10
    },
    "0x34-0x40000" : {
      "Text" : "0x1c",
      "Action" : 11
    },
    "0xf700-0x280000" : {
      "Text" : "0x1b 0x1b 0x5b 0x41",
      "Action" : 11
    },
    "0x2d-0x40000" : {
      "Text" : "0x1f",
      "Action" : 11
    },
    "0xf70e-0x20000" : {
      "Text" : "[23;2~",
      "Action" : 10
    },
    "0xf702-0x220000" : {
      "Text" : "[1;2D",
      "Action" : 10
    },
    "0xf703-0x280000" : {
      "Text" : "0x1b 0x1b 0x5b 0x43",
      "Action" : 11
    },
    "0xf700-0x240000" : {
      "Text" : "[1;5A",
      "Action" : 10
    },
    "0xf707-0x20000" : {
      "Text" : "[1;2S",
      "Action" : 10
    },
    "0xf70a-0x20000" : {
      "Text" : "[18;2~",
      "Action" : 10
    },
    "0x35-0x40000" : {
      "Text" : "0x1d",
      "Action" : 11
    },
    "0xf70f-0x20000" : {
      "Text" : "[24;2~",
      "Action" : 10
    },
    "0xf703-0x240000" : {
      "Text" : "[1;5C",
      "Action" : 10
    },
    "0xf701-0x260000" : {
      "Text" : "[1;6B",
      "Action" : 10
    },
    "0xf702-0x280000" : {
      "Text" : "0x1b 0x1b 0x5b 0x44",
      "Action" : 11
    },
    "0xf72b-0x20000" : {
      "Text" : "[1;2F",
      "Action" : 10
    },
    "0x36-0x40000" : {
      "Text" : "0x1e",
      "Action" : 11
    },
    "0xf708-0x20000" : {
      "Text" : "[15;2~",
      "Action" : 10
    },
    "0xf701-0x220000" : {
      "Text" : "[1;2B",
      "Action" : 10
    },
    "0xf70b-0x20000" : {
      "Text" : "[19;2~",
      "Action" : 10
    },
    "0xf702-0x240000" : {
      "Text" : "[1;5D",
      "Action" : 10
    },
    "0xf704-0x20000" : {
      "Text" : "[1;2P",
      "Action" : 10
    }
  },
  "Window Type" : 15,
  "Background Image Location" : "",
  "Blur" : false,
  "Badge Color" : {
    "Red Component" : 1,
    "Color Space" : "Calibrated",
    "Blue Component" : 0,